01.jpg	0	2048	-0.205113	-0.0519193	25	25	31
01.jpg	1	2459	-0.31441	0.0397748	50	49	53
01.jpg	2	902	0.0174731	0.267648	33	48	57
01.jpg	3	452	0.0942597	0.266674	61	62	66
01.jpg	4	1310	-0.386501	0.106287	26	29	37
01.jpg	5	2121	-0.291835	0.00734775	142	157	173
01.jpg	6	2058	-0.0826835	0.0988981	105	111	124
01.jpg	7	2435	-0.313634	0.320141	84	96	106
01.jpg	8	1755	0.00835892	0.144674	239	251	255
01.jpg	9	2289	0.0424477	0.178719	96	99	103
01.jpg	10	1455	0.177272	-0.144505	167	176	190
01.jpg	11	336	-0.385279	0.110368	108	118	125
01.jpg	13	146	0.01769	0.091308	192	207	223
01.jpg	14	1303	0.238979	-0.0414993	172	202	221
01.jpg	15	2386	-0.234372	0.242802	29	32	36
01.jpg	16	663	-0.0176652	0.0951345	79	94	113
01.jpg	17	1239	-0.405842	-0.0185014	122	130	113
01.jpg	18	1232	0.209762	0.296278	49	67	74
01.jpg	19	0	0.261855	0.357462	35	32	58
01.jpg	20	1925	-0.217777	-0.00882594	217	234	247
01.jpg	21	2284	-0.381211	-0.0310477	61	62	60
01.jpg	22	2119	-0.215386	0.262982	216	234	241
01.jpg	24	1900	0.0651132	0.130143	64	70	77
01.jpg	25	2056	0.210319	0.216257	28	31	35
01.jpg	26	509	-0.430448	-0.0327339	58	75	62
01.jpg	27	1621	-0.343085	0.11773	204	228	240
01.jpg	30	69	-0.0345616	0.114699	233	250	255
01.jpg	31	1338	-0.264472	0.145782	83	101	118
01.jpg	32	2182	-0.364768	0.201982	215	239	251
01.jpg	34	1889	-0.286641	0.249834	145	161	174
01.jpg	35	1821	0.312112	0.114219	151	170	185
01.jpg	36	2362	-0.419261	0.178331	81	91	79
01.jpg	37	2484	-0.37226	0.252097	35	37	38
01.jpg	40	2447	-0.335105	0.137208	202	228	245
01.jpg	42	2246	-0.163439	0.186255	56	61	64
01.jpg	43	1285	0.471613	-0.041354	202	214	226
01.jpg	44	208	-0.0362284	0.157591	235	246	255
01.jpg	45	901	-0.421406	-0.0301545	98	109	99
01.jpg	46	2212	-0.324364	0.132174	212	238	254
01.jpg	47	290	-0.166676	-0.173869	77	86	99
01.jpg	48	2445	0.0513576	0.149701	230	249	255
01.jpg	50	326	-0.123181	0.183333	230	242	254
01.jpg	51	124	-0.243937	-0.105106	56	69	85
01.jpg	52	1739	-0.37922	0.252153	132	142	142
01.jpg	53	192	-0.400272	-0.0015808	23	31	21
01.jpg	54	77	-0.0514319	0.220441	87	96	106
01.jpg	55	834	-0.263031	-0.0341075	190	213	229
01.jpg	57	1756	0.00835892	0.144674	239	251	255
01.jpg	58	2015	-0.104371	0.194851	34	30	35
01.jpg	59	2455	-0.271986	0.0346065	176	205	226
01.jpg	60	1226	-0.0432465	0.13386	163	177	189
01.jpg	61	1655	0.417966	-0.0373529	11	24	16
01.jpg	62	1392	-0.031713	0.122376	75	99	119
01.jpg	63	2318	-0.000384135	0.145054	238	250	255
01.jpg	64	2092	0.0316781	0.116798	143	150	165
01.jpg	65	2260	0.211541	-0.00869975	191	214	230
01.jpg	66	2398	-0.0769965	0.257831	66	65	67
01.jpg	68	345	-0.486622	-0.308914	164	179	188
01.jpg	69	2232	0.227637	-0.0827125	26	28	38
01.jpg	70	985	-0.194801	0.260098	166	175	184
01.jpg	71	2415	-0.0672824	0.157801	242	255	253
01.jpg	72	1829	-0.373206	0.31119	69	80	88
01.jpg	73	751	0.0102944	0.0826456	198	204	215
01.jpg	74	1142	0.439683	0.304772	34	46	52
01.jpg	75	421	-0.0248318	0.150007	98	110	128
01.jpg	76	695	-0.211548	-0.016788	170	175	184
01.jpg	77	2348	0.333198	0.0685744	195	217	228
01.jpg	78	2464	-0.00918875	0.175489	99	102	106
01.jpg	79	2159	-0.0248667	0.0805258	205	221	234
01.jpg	80	1598	-0.406795	0.0841925	123	136	150
01.jpg	81	2417	0.208136	-0.0691131	182	204	216
01.jpg	82	1510	-0.0272152	0.0751143	225	235	252
01.jpg	83	653	-0.385726	0.212403	50	71	86
01.jpg	84	1749	-0.406741	0.175213	96	105	108
01.jpg	85	2276	0.334589	0.0869701	6	11	12
01.jpg	86	161	-0.129766	0.124149	100	116	128
01.jpg	88	43	-0.115067	0.192151	18	18	24
01.jpg	89	2240	-0.233419	0.0695663	190	210	227
01.jpg	90	249	-0.413808	0.0640606	144	153	167
01.jpg	91	953	-0.244391	0.00358449	176	185	195
01.jpg	92	415	-0.0585427	0.150263	137	146	160
01.jpg	93	1336	-0.426187	-0.0304691	237	249	227
01.jpg	95	1827	0.247004	0.0937864	147	168	189
01.jpg	96	2175	-0.270631	-0.0941208	43	43	55
01.jpg	97	1853	-0.410137	0.26427	200	218	225
01.jpg	98	1897	0.0111579	0.0862267	169	184	200
01.jpg	99	1960	0.204158	-0.0816874	104	113	123
01.jpg	100	2473	0.274322	0.0960296	9	10	14
01.jpg	101	1762	-0.319757	0.117222	196	225	240
01.jpg	103	433	-0.233559	-0.0530328	196	205	218
01.jpg	104	147	0.356999	-0.134157	155	163	176
01.jpg	106	2123	0.0104983	0.103403	95	106	120
01.jpg	107	1712	0.246148	0.0757398	157	172	188
01.jpg	108	2267	-0.285234	0.0778881	13	11	17
01.jpg	109	125	0.0106577	0.249779	28	34	41
01.jpg	110	2310	-0.0691591	0.0849863	232	248	254
01.jpg	111	522	-0.0980197	0.117345	92	108	124
01.jpg	112	1506	-0.371654	-0.028207	31	35	29
01.jpg	115	2226	0.0371889	0.127108	67	77	95
01.jpg	116	1868	-0.402565	0.132211	55	61	56
01.jpg	117	284	0.155659	-0.174029	32	41	54
01.jpg	118	2205	-0.0925618	0.148895	243	255	255
01.jpg	119	2307	0.310214	0.179705	224	243	251
01.jpg	120	2111	-0.137032	0.132057	217	235	242
01.jpg	121	1263	-0.277053	0.107955	149	162	176
01.jpg	122	473	0.342102	0.231285	37	45	58
01.jpg	124	1360	-0.386458	0.00721343	216	226	184
01.jpg	126	2323	0.0523814	0.127951	223	244	252
01.jpg	127	1318	-0.269796	0.00567106	96	109	123
01.jpg	129	1441	-0.411739	0.0602217	31	37	48
01.jpg	130	952	-0.21096	0.245375	42	51	65
01.jpg	131	1995	-0.244432	0.0773996	64	66	77
01.jpg	133	2245	-0.0556495	0.262653	39	37	36
01.jpg	136	1271	0.242858	0.134367	181	206	226
01.jpg	137	2364	0.200823	0.243458	38	43	52
01.jpg	138	697	-0.272536	-0.0280341	206	223	242
01.jpg	139	1170	-0.229594	-0.0183216	163	172	185
01.jpg	140	1242	-0.402635	0.120368	91	118	138
01.jpg	142	1016	-0.427518	-0.00633647	229	248	233
01.jpg	143	1980	0.301957	0.12544	205	236	251
01.jpg	144	1060	0.0281293	0.121973	58	72	91
01.jpg	145	848	0.0244844	0.14978	102	112	129
01.jpg	146	462	-0.048827	0.164822	233	246	254
01.jpg	148	2418	0.229346	0.208029	190	216	232
01.jpg	149	2334	-0.262678	0.244277	67	70	78
01.jpg	150	2262	-0.0922826	0.11023	222	238	250
01.jpg	151	1427	-0.40503	0.162708	49	61	65
01.jpg	152	2098	-0.388837	0.12495	32	36	47
01.jpg	153	2102	0.217912	-0.0747757	239	253	255
01.jpg	154	1454	0.177272	-0.144505	167	176	190
01.jpg	155	1793	-0.226768	-0.0650373	110	126	143
01.jpg	156	1604	-0.325605	0.0884575	137	136	140
01.jpg	157	1280	-0.212395	0.270963	82	96	108
01.jpg	158	252	-0.0245822	0.122128	79	98	119
01.jpg	159	1810	-0.3161	0.0658044	206	221	230
01.jpg	160	531	-0.307501	0.0971678	104	107	115
01.jpg	161	170	-0.354604	-0.180087	140	161	176
01.jpg	162	1253	-0.382097	0.0857567	31	42	62
01.jpg	163	1544	0.181967	0.181777	135	144	153
01.jpg	164	2036	0.206949	0.266711	219	228	232
01.jpg	165	2472	-0.0101966	0.243286	97	105	105
01.jpg	166	1270	0.0256824	0.133654	174	188	206
01.jpg	167	359	-0.375235	-0.0243682	228	250	226
01.jpg	169	1967	-0.265387	0.139394	209	235	251
01.jpg	170	2430	0.325703	0.0976205	7	10	15
01.jpg	171	13	0.0194434	0.159237	114	125	133
01.jpg	172	623	-0.0371644	0.0934547	198	210	222
01.jpg	173	1266	-0.271481	-0.0405078	167	187	204
01.jpg	174	544	0.0676174	0.197907	232	246	255
01.jpg	175	1680	-0.191912	-0.160757	190	206	223
01.jpg	176	2107	-0.210581	-0.0738682	216	238	250
01.jpg	177	1708	-0.430285	0.020588	28	30	30
01.jpg	178	1450	-0.410717	0.207008	112	132	137
01.jpg	179	42	-0.119126	0.192185	22	24	25
01.jpg	180	548	-0.387993	0.131254	115	127	139
01.jpg	181	941	-0.369114	0.0821316	174	188	187
01.jpg	182	1620	-0.343085	0.11773	204	228	240
01.jpg	183	1337	-0.264472	0.145782	83	101	118
01.jpg	185	2174	-0.236276	0.0889439	174	193	208
01.jpg	186	703	-0.272047	-0.0339924	169	189	207
01.jpg	187	2394	0.0270031	0.157987	187	206	219
01.jpg	188	704	-0.376254	0.317193	200	214	226
01.jpg	189	1585	-0.210338	-0.0593838	220	236	248
01.jpg	191	2437	-0.169068	0.0380868	20	19	28
01.jpg	193	1719	0.215957	0.212869	152	161	174
01.jpg	194	1599	0.343014	0.0838542	19	19	25
01.jpg	195	1124	-0.370422	0.122214	141	154	170
01.jpg	196	2255	0.219398	0.287673	199	205	210
01.jpg	197	1467	-0.0556296	0.115531	88	105	124
01.jpg	198	675	-0.237131	-0.0698288	50	61	75
01.jpg	199	1102	-0.19833	0.271072	107	127	138
01.jpg	200	1689	-0.213203	-0.0647709	89	105	118
01.jpg	201	2162	-0.409056	0.0741104	25	27	35
01.jpg	204	1091	-0.387348	-0.0691327	198	213	175
01.jpg	205	713	-0.391675	-0.0636378	64	66	54
01.jpg	206	2288	-0.321398	0.193175	43	51	64
01.jpg	208	1939	-0.269351	-0.122291	59	60	70
01.jpg	209	774	0.0154866	0.149749	83	90	109
01.jpg	212	2053	0.183644	0.230651	149	159	169
01.jpg	213	1694	-0.0484774	0.147816	242	254	255
01.jpg	214	2044	-0.0344231	0.0800238	65	71	82
01.jpg	215	1072	-0.272123	0.149826	212	238	252
01.jpg	216	1641	0.01428	0.0884501	178	199	214
01.jpg	220	835	-0.263031	-0.0341075	190	213	229
01.jpg	221	2227	-0.250323	0.227692	162	183	198
01.jpg	223	1279	-0.212395	0.270963	82	96	108
01.jpg	224	564	0.0838945	0.190517	11	14	19
01.jpg	225	946	-0.410683	-0.0293525	30	38	27
01.jpg	226	1299	-0.380351	0.105292	32	33	43
01.jpg	227	2208	-0.230293	0.017534	197	221	239
01.jpg	229	1127	-0.376245	-0.0207178	25	35	29
01.jpg	230	1438	0.309996	0.264512	189	208	221
01.jpg	231	1754	-0.283173	0.0618607	26	31	46
01.jpg	232	1176	-0.306627	0.0688331	121	123	131
01.jpg	233	1469	-0.400409	-0.0217303	34	35	26
01.jpg	234	1797	-0.206237	0.0985125	174	199	219
01.jpg	235	1050	-0.394054	-0.0015886	52	55	46
01.jpg	238	1227	-0.321948	0.0793381	165	184	197
01.jpg	239	808	-0.407389	0.236361	32	39	48
01.jpg	240	1511	-0.0272152	0.0751143	225	235	252
01.jpg	241	1512	-0.0849695	0.139057	87	103	120
01.jpg	243	1218	-0.265251	0.122665	147	157	167
01.jpg	244	2347	-0.192383	-0.133232	98	101	105
01.jpg	245	2014	-0.249167	0.0159791	177	205	222
01.jpg	246	1046	-0.0863696	0.143099	235	251	255
01.jpg	248	2378	-0.398106	0.188825	162	189	203
01.jpg	249	210	-0.430442	0.0677152	29	37	50
01.jpg	251	1064	0.20379	-0.0505854	30	32	40
01.jpg	252	313	-0.0400489	0.121576	65	85	103
01.jpg	253	556	0.35056	-0.144567	175	193	204
01.jpg	254	1061	-0.137799	0.15397	132	149	158
01.jpg	255	2340	-0.382707	0.127713	33	41	48
01.jpg	256	329	-0.148608	-0.288632	101	114	128
01.jpg	257	2468	-0.27479	0.2075	179	205	219
01.jpg	259	2165	-0.0177667	0.0703293	21	23	31
01.jpg	260	135	0.0207822	0.09379	181	197	213
01.jpg	261	1784	-0.411226	0.00292791	39	41	35
01.jpg	262	1419	-0.235537	-0.0384553	25	31	44
01.jpg	263	2113	-0.399049	-0.0217583	35	37	31
01.jpg	265	737	-0.394158	-0.0309528	233	248	220
01.jpg	266	2301	-0.068563	0.133919	243	254	252
01.jpg	267	1673	-0.177457	-0.163202	67	77	94
01.jpg	268	265	-0.297263	0.288697	182	188	193
01.jpg	269	2198	-0.240634	-0.0820026	21	23	33
01.jpg	270	1849	0.304229	0.249614	151	177	194
01.jpg	271	16	0.210119	-0.0464617	49	57	70
01.jpg	272	987	-0.18954	0.00684386	217	230	244
01.jpg	273	1564	-0.410082	-0.0310182	75	83	66
01.jpg	274	1921	-0.0566991	0.102488	129	137	150
01.jpg	275	1626	-0.0554994	0.110191	228	241	255
01.jpg	276	1129	-0.252239	0.041918	88	106	123
01.jpg	277	2363	-0.0430118	0.157649	233	247	255
01.jpg	278	1848	-0.00804589	0.082344	213	231	242
01.jpg	279	1994	0.226442	0.283114	226	230	231
01.jpg	280	2490	-0.0791545	0.126943	210	226	242
01.jpg	281	1811	-0.208129	0.275362	204	224	235
01.jpg	282	1910	-0.325753	0.153413	204	230	244
01.jpg	283	2448	-0.335105	0.137208	202	228	245
01.jpg	284	1663	0.124019	0.271413	187	213	227
01.jpg	285	2169	0.0857765	0.263141	26	21	22
01.jpg	286	692	0.102531	0.266302	26	31	29
01.jpg	287	1668	0.299042	0.113643	142	166	186
01.jpg	288	1128	0.304276	0.173057	201	218	231
01.jpg	289	2282	-0.0951796	0.248505	149	172	187
01.jpg	291	1865	-0.448229	0.0131464	21	22	20
01.jpg	292	2242	-0.384414	-0.106319	212	228	241
01.jpg	293	2403	-0.342621	0.0979588	79	79	85
01.jpg	294	644	-0.0388937	0.10688	98	111	125
01.jpg	295	1742	0.0876382	0.270999	195	225	236
01.jpg	296	2116	-0.104427	0.131433	220	239	244
01.jpg	297	2054	-0.056093	0.147231	146	151	166
01.jpg	298	2453	-0.349181	0.205008	183	209	225
01.jpg	300	849	0.0244844	0.14978	102	112	129
01.jpg	301	745	-0.270562	0.14217	197	218	233
01.jpg	302	1058	-0.423182	0.0801481	42	55	69
01.jpg	303	1259	0.220057	-0.0598598	225	241	255
01.jpg	305	2101	0.217912	-0.0747757	239	253	255
01.jpg	306	2248	0.306309	0.257342	155	178	194
01.jpg	307	1030	-0.20201	0.266731	208	230	241
01.jpg	308	1969	-0.345194	0.129314	198	228	245
01.jpg	309	157	-0.411517	0.0812567	156	165	175
01.jpg	310	1456	-0.220813	0.245066	25	28	42
01.jpg	311	1369	-0.418537	0.120525	87	109	127
01.jpg	312	2247	0.263088	0.255409	21	16	17
01.jpg	314	2302	0.393379	0.191384	10	15	16
01.jpg	315	340	0.031136	0.114232	232	243	255
01.jpg	316	2477	0.0459968	0.203363	190	200	210
01.jpg	317	643	0.255253	0.269476	206	216	226
01.jpg	318	1791	-0.144019	0.163281	154	168	180
01.jpg	319	2338	-0.267138	0.10292	188	211	226
01.jpg	320	1553	-0.304098	0.317437	184	196	208
01.jpg	321	2018	-0.392194	0.0434182	41	38	40
01.jpg	322	2077	-0.23234	-0.0741743	223	245	255
01.jpg	323	2268	-0.054526	0.127605	53	67	85
01.jpg	324	271	-0.380135	-0.123398	96	105	118
01.jpg	325	1076	-0.429687	-0.0604655	243	252	231
01.jpg	326	2292	0.241238	0.0746474	151	171	188
01.jpg	327	227	-0.241038	-0.0506092	45	47	57
01.jpg	329	1388	0.196562	-0.0598146	234	248	255
01.jpg	330	1205	0.215374	-0.024813	47	53	64
01.jpg	331	1814	0.321267	-0.0130424	139	148	158
01.jpg	333	2173	-0.236276	0.0889439	174	193	208
01.jpg	334	940	-0.0458739	0.168321	46	54	67
01.jpg	335	1549	-0.265272	0.241294	20	22	30
01.jpg	336	2376	0.258775	0.292213	191	218	232
01.jpg	337	2148	-0.240567	0.0126917	46	48	56
01.jpg	338	2479	0.104837	0.241157	19	17	17
01.jpg	339	6	-0.0646902	0.173252	229	241	253
01.jpg	340	115	0.0596933	-0.319722	24	24	18
01.jpg	341	1233	0.209762	0.296278	49	67	74
01.jpg	342	1132	0.0343269	0.147771	133	144	152
01.jpg	343	2141	-0.256749	0.257784	189	209	220
01.jpg	344	1895	0.167454	0.265341	27	34	43
01.jpg	345	81	-0.0898539	0.163595	192	205	221
01.jpg	346	1639	0.0290508	0.146737	239	255	255
01.jpg	347	2099	0.252496	0.266159	221	238	241
01.jpg	348	1267	-0.282027	0.0623169	37	44	61
01.jpg	349	2309	-0.0691591	0.0849863	232	248	254
01.jpg	353	2410	-0.244165	-0.0235572	18	18	24
01.jpg	355	1890	-0.286641	0.249834	145	161	174
01.jpg	356	841	0.472291	-0.205987	112	124	142
01.jpg	357	1448	0.329726	0.150603	173	196	211
01.jpg	358	965	-0.425211	0.0193697	215	229	217
01.jpg	359	1854	-0.398611	0.124954	213	241	252
01.jpg	360	1964	-0.189658	0.26918	57	68	76
01.jpg	361	106	-0.417365	0.0204	36	37	41
01.jpg	362	2189	-0.0190197	0.100269	93	102	116
01.jpg	363	430	-0.406394	-0.0555965	74	91	77
01.jpg	364	1358	-0.149219	0.13995	119	133	151
01.jpg	365	470	0.000453867	0.122173	71	95	115
01.jpg	366	530	-0.218367	0.288724	197	213	220
01.jpg	367	128	-0.0547112	0.184366	86	94	101
01.jpg	368	730	-0.395411	0.0984459	106	121	137
01.jpg	369	729	-0.395411	0.0984459	106	121	137
01.jpg	370	2231	0.332582	-0.10775	213	236	251
01.jpg	371	1611	-0.0957888	0.124788	156	171	187
01.jpg	372	2013	-0.119878	0.161932	108	119	133
01.jpg	373	1196	-0.416999	-0.030929	229	255	237
01.jpg	374	1439	0.309996	0.264512	189	208	221
01.jpg	375	2367	0.244426	0.25847	211	232	240
01.jpg	379	1981	-0.395613	-0.0332989	245	255	224
01.jpg	380	2454	-0.30623	0.16964	84	90	101
01.jpg	381	251	-0.228221	-0.0528724	212	221	234
01.jpg	382	1148	-0.022779	0.073443	48	56	69
01.jpg	383	1569	-0.424674	0.0621798	120	129	138
01.jpg	385	687	-0.201071	-0.0371126	159	159	171
01.jpg	386	1957	-0.409354	0.032425	233	254	232
01.jpg	387	2214	-0.133483	0.196069	15	15	21
01.jpg	388	833	-0.16758	0.177229	54	58	69
01.jpg	389	1624	-0.292958	0.245909	25	31	42
01.jpg	390	1861	0.219593	0.225808	153	165	177
01.jpg	391	2274	-0.0638674	0.179687	173	177	182
01.jpg	392	1530	-0.14803	0.135306	226	245	253
01.jpg	393	732	-0.218412	-0.0499376	52	56	67
01.jpg	394	1561	0.23941	0.0873012	41	54	68
01.jpg	395	1637	-0.27811	0.0672838	169	189	206
01.jpg	397	237	-0.404745	-0.104027	155	165	175
01.jpg	398	1923	0.0222253	0.180381	233	247	253
01.jpg	399	1295	0.296339	0.128117	27	36	46
01.jpg	400	1276	-0.0874055	0.156158	232	249	255
01.jpg	401	1652	0.352288	-0.139972	190	208	225
01.jpg	402	1398	-0.180166	0.0929257	150	156	167
01.jpg	403	2342	-0.197642	0.248834	31	34	42
01.jpg	404	132	-0.0186984	0.250282	37	45	52
01.jpg	405	1832	-0.424454	-0.0697046	241	251	221
01.jpg	406	750	0.0102944	0.0826456	198	204	215
01.jpg	407	1400	0.0659299	0.137577	47	53	66
01.jpg	408	325	-0.4311	-0.0279281	52	66	55
01.jpg	409	1011	-0.375306	-0.00490691	207	226	187
01.jpg	410	2335	0.308057	0.130022	202	231	246
01.jpg	411	1231	-0.261795	-0.0407112	171	190	205
01.jpg	412	586	-0.387429	-0.0354937	231	255	246
01.jpg	413	1651	0.285032	-0.0999077	102	105	110
01.jpg	414	2112	-0.399049	-0.0217583	35	37	31
01.jpg	415	647	-0.382733	-0.0203451	131	143	125
01.jpg	416	2306	-0.376514	0.329938	52	58	63
01.jpg	417	2315	-0.168887	0.262893	46	46	46
01.jpg	418	1449	-0.410717	0.207008	112	132	137
01.jpg	420	372	-0.355538	-0.166895	27	36	49
01.jpg	421	1737	0.190446	0.275315	28	37	46
01.jpg	423	1368	-0.214525	-0.0138186	89	94	109
01.jpg	424	2423	-0.221944	-0.0674372	199	217	234
01.jpg	425	1335	-0.426187	-0.0304691	237	249	227
01.jpg	426	1461	0.347331	-0.139158	77	90	98
01.jpg	429	702	-0.272047	-0.0339924	169	189	207
01.jpg	430	1209	-0.408901	0.0694975	13	18	33
01.jpg	432	2064	-0.396337	0.0325707	235	252	219
01.jpg	433	2482	-0.317343	0.253457	39	39	45
01.jpg	434	1394	-0.412118	0.00836631	22	30	23
01.jpg	435	184	-0.367062	0.114363	107	112	121
01.jpg	436	1763	-0.319757	0.117222	196	225	240
01.jpg	437	1586	-0.210338	-0.0593838	220	236	248
01.jpg	438	1935	-0.0379178	0.109714	121	131	148
01.jpg	439	933	-0.193042	-0.150284	179	192	208
01.jpg	441	1956	0.00519344	0.178895	156	152	151
01.jpg	442	1731	-0.427021	0.0153337	149	179	168
01.jpg	443	2290	-0.229757	0.0509476	184	200	213
01.jpg	444	2393	-0.0305491	-0.271013	156	168	180
01.jpg	445	285	-0.00192308	0.249891	23	32	36
01.jpg	446	1262	-0.316252	0.132078	74	90	103
01.jpg	447	1393	0.496333	-0.0416012	204	230	247
01.jpg	449	2202	-0.343924	0.131808	200	230	247
01.jpg	450	90	-0.0145517	0.15013	85	98	114
01.jpg	451	1690	-0.213203	-0.0647709	89	105	118
01.jpg	453	2408	-0.00527231	-0.283754	26	25	21
01.jpg	454	2360	0.216438	0.260218	159	181	192
01.jpg	455	1092	-0.387348	-0.0691327	198	213	175
01.jpg	457	2329	-0.22518	-0.00605931	207	228	243
01.jpg	458	1274	0.326587	-0.171752	242	233	223
01.jpg	460	1073	-0.272123	0.149826	212	238	252
01.jpg	461	2330	-0.268299	0.15845	197	225	242
01.jpg	463	1463	-0.372774	-0.0420616	33	40	33
01.jpg	465	2249	0.380826	0.269925	66	86	97
01.jpg	466	510	-0.388463	-0.03886	123	151	128
01.jpg	467	2374	0.297302	0.198844	33	35	43
01.jpg	469	487	-0.234198	-0.0501515	46	52	65
01.jpg	470	947	-0.410683	-0.0293525	30	38	27
01.jpg	471	2356	-0.193655	0.0170009	181	205	223
01.jpg	472	668	-0.184153	0.000692116	154	161	170
01.jpg	473	2311	-0.0211688	0.162421	23	22	24
01.jpg	474	2463	-0.0572265	0.216291	240	252	255
01.jpg	475	1096	-0.099502	0.120471	228	243	255
01.jpg	477	1190	-0.11608	0.12376	89	107	124
01.jpg	478	1955	-0.41029	-0.0383459	250	253	238
01.jpg	479	2419	0.229346	0.208029	190	216	232
01.jpg	480	1041	0.192524	0.255424	161	177	189
01.jpg	481	1333	-0.408535	-0.0225093	28	30	24
01.jpg	482	2069	-0.190006	-0.149313	185	201	217
01.jpg	483	2028	0.196202	-0.0748633	238	253	255
01.jpg	484	63	0.0216088	0.105863	92	104	122
01.jpg	485	1785	-0.191495	-0.168905	45	53	70
01.jpg	486	105	-0.0463887	0.121409	79	96	122
01.jpg	487	1794	-0.226768	-0.0650373	110	126	143
01.jpg	488	270	-0.380135	-0.123398	96	105	118
01.jpg	489	1744	-0.385094	0.100525	81	100	113
01.jpg	490	1662	-0.275102	0.0779953	167	188	203
01.jpg	491	920	0.238793	-0.0352073	183	203	221
01.jpg	492	1202	-0.407371	0.148882	185	206	203
01.jpg	493	928	-0.424456	0.182705	134	151	140
01.jpg	494	829	0.342624	0.0946426	109	119	129
01.jpg	495	1735	-0.416882	-0.00233742	143	161	160
01.jpg	496	2379	-0.398106	0.188825	162	189	203
01.jpg	499	997	-0.118541	0.313213	103	131	148
01.jpg	500	2377	0.258775	0.292213	191	218	232
01.jpg	502	358	-0.375235	-0.0243682	228	250	226
01.jpg	503	134	0.0207822	0.09379	181	197	213
01.jpg	504	1936	-0.0379178	0.109714	121	131	148
01.jpg	505	1903	-0.363208	-0.11627	68	77	90
01.jpg	506	1385	-0.00984614	0.131929	196	211	220
01.jpg	507	1629	0.349086	0.078457	182	195	179
01.jpg	508	1709	-0.430285	0.020588	28	30	30
01.jpg	509	1268	-0.282027	0.0623169	37	44	61
01.jpg	510	186	-0.106891	0.191893	12	15	23
01.jpg	511	2040	-0.364926	0.0982809	27	36	46
01.jpg	512	405	0.104509	0.301774	81	111	128
01.jpg	513	1725	-0.263788	0.13277	62	78	95
01.jpg	514	248	-0.413808	0.0640606	144	153	167
01.jpg	515	377	-0.384741	-0.0439981	60	78	49
01.jpg	516	1334	-0.426187	-0.0304691	237	249	227
01.jpg	517	111	-0.00925241	0.13867	88	98	115
01.jpg	518	1139	-0.428651	0.183714	59	70	62
01.jpg	519	670	0.307366	0.207407	173	192	207
01.jpg	520	1795	-0.422914	-0.0614583	35	44	34
01.jpg	521	1847	-0.00804589	0.082344	213	231	242
01.jpg	522	705	-0.376254	0.317193	200	214	226
01.jpg	523	2476	0.275674	0.237731	16	13	15
01.jpg	524	1188	-0.11608	0.12376	89	107	124
01.jpg	525	387	0.0823139	0.266794	43	43	49
01.jpg	526	2156	0.336769	-0.0558101	217	235	246
01.jpg	527	2441	0.166386	0.282778	168	200	213
01.jpg	528	1300	-0.0127777	0.0784949	54	59	74
01.jpg	529	57	-0.407157	0.0122511	24	32	25
01.jpg	530	169	-0.24655	-0.107135	198	211	227
01.jpg	531	1633	-0.0127414	0.0614346	34	33	42
01.jpg	532	1869	-0.137945	0.215173	74	81	90
01.jpg	533	1972	-0.321594	0.129276	209	235	251
01.jpg	534	222	-0.0474799	0.220035	117	129	141
01.jpg	536	173	-0.37283	-0.0181903	153	167	133
01.jpg	537	2337	-0.275651	0.121413	26	33	42
01.jpg	539	2213	-0.332605	0.184304	194	221	235
01.jpg	540	1919	0.192507	-0.0540656	52	51	60
01.jpg	542	1106	-0.431879	0.00409444	172	184	178
01.jpg	543	1291	-0.0862062	0.134895	224	240	252
01.jpg	544	2109	-0.0289349	0.104126	116	123	138
01.jpg	545	657	0.214623	0.225897	48	55	64
01.jpg	546	1855	-0.0350287	0.192	66	75	85
01.jpg	549	185	0.259847	0.355613	211	213	244
01.jpg	550	1812	-0.197016	-0.155845	42	44	54
01.jpg	551	2324	0.0523814	0.127951	223	244	252
01.jpg	553	1508	0.351894	0.0631505	197	217	228
01.jpg	554	622	-0.391983	0.0391575	49	50	48
01.jpg	555	1531	-0.14803	0.135306	226	245	253
01.jpg	556	89	-0.394606	-0.0625359	205	223	194
01.jpg	557	1171	-0.197721	-0.279244	71	84	98
01.jpg	558	575	0.347222	-0.172041	189	201	213
01.jpg	559	1389	-0.369026	0.0765579	56	65	74
01.jpg	560	1856	-0.259995	0.0900276	49	59	77
01.jpg	561	506	-0.413128	0.147491	83	99	92
03.jpg	2	829	0.0470545	0.348911	43	52	62
03.jpg	6	990	-0.11709	0.105225	122	126	137
03.jpg	521	944	-0.0038897	0.0759483	226	242	254
03.jpg	10	873	0.281267	-0.327094	177	189	207
03.jpg	12	522	0.0652345	0.185536	243	255	255
03.jpg	13	695	0.0345473	0.0875543	214	233	246
03.jpg	16	713	-0.0183838	0.0959506	87	108	130
03.jpg	530	269	-0.423061	-0.309392	215	229	241
03.jpg	532	1004	-0.201967	0.285787	77	81	86
03.jpg	22	1065	-0.392635	0.340685	227	246	253
03.jpg	23	264	0.284809	-0.350777	205	213	226
03.jpg	24	864	0.111991	0.15073	81	83	93
03.jpg	25	1091	0.433918	0.232312	23	24	28
03.jpg	538	244	-0.45574	-0.16785	51	67	84
03.jpg	28	366	0.0322443	0.129956	237	252	255
03.jpg	29	1125	0.361898	-0.0967413	17	16	18
03.jpg	543	800	-0.121356	0.159541	238	249	253
03.jpg	544	1027	-0.0351789	0.109507	126	134	151
03.jpg	33	924	-0.39228	0.146396	155	173	184
03.jpg	546	973	-0.0399542	0.24741	82	92	99
03.jpg	547	826	-0.385447	0.301592	174	204	221
03.jpg	548	83	-0.0754258	0.132002	215	237	255
03.jpg	38	968	-0.357342	0.0450828	181	206	226
03.jpg	39	29	-0.299043	-0.32405	55	67	79
03.jpg	552	417	-0.353248	-0.0936363	185	198	212
03.jpg	41	259	0.372221	-0.17633	189	199	209
03.jpg	555	886	-0.218536	0.161152	240	254	253
03.jpg	44	454	-0.0429729	0.193042	244	254	255
03.jpg	557	769	-0.199399	0.25049	20	24	29
03.jpg	47	542	-0.267039	-0.358428	85	93	106
03.jpg	49	472	-0.392182	-0.352359	108	119	123
03.jpg	51	699	-0.418498	-0.3057	44	60	76
03.jpg	54	498	-0.11264	0.2658	107	114	123
03.jpg	55	733	-0.439825	-0.163882	177	202	218
03.jpg	56	159	0.0312238	0.124394	242	253	255
03.jpg	57	963	0.0263472	0.172124	213	221	228
03.jpg	60	824	-0.0555333	0.155241	179	195	211
03.jpg	62	850	-0.0382197	0.136786	82	104	122
03.jpg	63	1085	0.0169291	0.169644	186	195	204
03.jpg	64	1023	0.0586059	0.126133	140	152	170
03.jpg	66	1111	-0.108482	0.339406	47	46	48
03.jpg	67	664	-0.161075	0.248883	12	17	26
03.jpg	68	310	-0.10767	0.219098	232	250	255
03.jpg	73	724	0.0241607	0.075651	214	220	231
03.jpg	79	1042	-0.0293689	0.0745978	222	234	246
03.jpg	82	853	-0.0333938	0.0658008	233	247	255
03.jpg	87	228	-0.0690612	0.268307	239	251	253
03.jpg	94	492	-0.0265354	0.0975554	81	95	118
03.jpg	528	835	-0.0117557	0.0713208	76	83	92
03.jpg	98	957	0.0248317	0.0803242	225	241	254
03.jpg	102	844	-0.482204	0.296622	121	127	132
03.jpg	105	270	0.372657	-0.220732	56	66	76
03.jpg	109	427	0.0364851	0.340465	39	45	52
03.jpg	110	1089	-0.0969038	0.0813193	243	255	254
03.jpg	111	650	-0.140168	0.133194	108	123	142
03.jpg	113	624	-0.48699	0.295861	114	118	123
03.jpg	114	888	0.415558	-0.153741	32	41	54
03.jpg	117	633	0.242036	-0.365336	21	30	43
03.jpg	121	813	-0.484544	0.0617361	154	173	186
03.jpg	123	593	0.0188598	0.0971654	88	101	123
03.jpg	125	188	0.262515	-0.254694	228	239	253
03.jpg	128	1080	0.0883254	0.340892	76	71	72
03.jpg	130	883	-0.380289	0.307425	36	40	51
03.jpg	132	1106	0.0641342	0.320234	240	254	253
03.jpg	133	1076	-0.0763706	0.343386	49	47	47
03.jpg	134	97	-0.400089	-0.334665	208	224	231
03.jpg	135	478	0.128492	0.279754	114	121	130
03.jpg	138	723	-0.456027	-0.153764	209	234	250
03.jpg	139	804	-0.400345	-0.167499	182	191	204
03.jpg	141	1031	-0.0171935	0.0206345	33	42	56
03.jpg	144	830	0.0538002	0.135358	65	81	98
03.jpg	147	987	0.360232	-0.128406	130	133	141
03.jpg	150	1075	-0.132455	0.121983	224	242	249
03.jpg	153	1021	0.376723	-0.260864	237	249	253
03.jpg	154	874	0.281267	-0.327094	177	189	207
03.jpg	155	308	0.132748	0.324358	119	131	141
03.jpg	157	908	-0.388622	0.356064	64	81	94
03.jpg	161	714	-0.160638	0.242569	168	181	195
03.jpg	163	952	0.357447	0.184651	144	156	162
03.jpg	164	1050	0.459416	0.332617	225	240	243
03.jpg	166	817	0.0514091	0.153681	191	207	224
03.jpg	168	978	0.335701	-0.246442	54	66	76
03.jpg	172	707	-0.0481432	0.0922673	214	228	246
03.jpg	173	828	-0.45333	-0.173697	161	187	203
03.jpg	174	192	0.119942	0.23302	237	247	254
03.jpg	541	339	-0.0324972	0.132875	225	244	252
03.jpg	176	1012	-0.36104	-0.251822	217	239	250
03.jpg	184	717	0.297035	0.277419	210	215	216
03.jpg	190	981	0.346856	-0.219287	148	164	176
03.jpg	192	1069	-0.480773	0.0277958	24	36	48
03.jpg	197	894	-0.0765992	0.126143	98	114	131
03.jpg	198	661	-0.407996	-0.246043	29	33	51
03.jpg	535	295	0.255327	-0.329597	35	41	48
03.jpg	202	938	-0.371091	0.00651443	176	192	209
03.jpg	203	372	0.300461	-0.360538	18	24	29
03.jpg	207	972	-0.300476	-0.0834661	27	29	37
03.jpg	210	837	-0.380164	-0.19143	165	175	185
03.jpg	211	398	0.0363672	0.105395	85	98	114
03.jpg	212	1060	0.371764	0.27508	158	168	175
03.jpg	214	998	-0.0443993	0.0751851	72	78	89
03.jpg	216	863	0.0302756	0.0842997	187	205	222
03.jpg	217	643	-0.439029	0.346448	213	229	236
03.jpg	218	1016	-0.0239276	0.226307	177	175	167
03.jpg	219	881	0.37008	0.344073	40	54	66
03.jpg	220	734	-0.439825	-0.163882	177	202	218
03.jpg	222	530	0.168866	0.326046	26	25	27
03.jpg	223	907	-0.388622	0.356064	64	81	94
03.jpg	224	768	-0.199399	0.25049	20	24	29
03.jpg	228	564	-0.350414	-0.363743	157	176	149
03.jpg	234	967	-0.357342	0.0450828	181	206	226
03.jpg	236	747	-0.142327	0.138149	230	246	255
03.jpg	237	385	-0.00490996	0.0593898	186	192	203
03.jpg	240	854	-0.0333938	0.0658008	233	247	255
03.jpg	242	225	-0.353874	-0.349688	164	175	183
03.jpg	247	559	0.0167526	0.0542944	23	27	38
03.jpg	250	712	0.366754	0.349693	185	213	224
03.jpg	251	797	0.359178	-0.225509	23	25	33
03.jpg	258	823	-0.0555333	0.155241	179	195	211
03.jpg	259	1046	-0.0189669	0.0599288	30	32	42
03.jpg	264	1064	-0.392635	0.340685	227	246	253
03.jpg	267	867	-0.285189	-0.345346	116	127	141
03.jpg	268	216	-0.476985	0.039455	187	213	225
03.jpg	269	1056	-0.41113	-0.264329	34	44	54
03.jpg	272	796	-0.31913	-0.100623	225	244	255
03.jpg	275	788	-0.0760225	0.119599	236	248	255
03.jpg	278	945	-0.0038897	0.0759483	226	242	254
03.jpg	285	1059	0.15873	0.34296	104	101	103
03.jpg	290	892	0.485736	-0.356059	113	119	124
03.jpg	294	698	-0.0500347	0.113681	95	111	134
03.jpg	295	936	0.163327	0.354861	224	255	255
03.jpg	296	1024	-0.14982	0.154602	240	253	251
03.jpg	299	758	0.0997574	0.348808	49	44	46
03.jpg	304	287	0.460494	0.0769361	22	28	41
03.jpg	305	1022	0.376723	-0.260864	237	249	253
03.jpg	307	887	-0.367078	0.347743	213	232	239
03.jpg	313	727	-0.481379	0.0037156	50	60	77
03.jpg	315	588	0.0582419	0.122683	241	255	255
03.jpg	322	1009	-0.399291	-0.251457	227	249	255
03.jpg	328	249	-0.107295	0.207851	236	252	255
03.jpg	330	922	-0.381367	-0.174217	79	85	98
03.jpg	332	356	-0.30556	-0.137241	175	183	196
03.jpg	340	382	0.0197968	0.078895	107	116	130
03.jpg	344	982	0.338994	0.342229	33	36	44
03.jpg	345	847	-0.324843	-0.349435	171	190	203
03.jpg	348	865	-0.486217	-0.014205	41	51	68
03.jpg	349	1088	-0.0969038	0.0813193	243	255	254
03.jpg	350	687	-0.042324	0.341812	31	42	50
03.jpg	351	325	-0.0379646	0.131041	227	246	255
03.jpg	352	105	-0.224315	0.25726	130	149	156
03.jpg	354	925	-0.0409386	0.283777	47	58	66
03.jpg	356	351	-0.254715	0.339195	91	107	123
03.jpg	360	765	0.372342	0.352645	90	109	116
03.jpg	362	1057	-0.019116	0.103549	113	124	138
03.jpg	364	856	-0.21963	0.168285	101	118	137
03.jpg	371	916	-0.136836	0.144461	160	177	198
03.jpg	524	809	-0.168065	0.14307	95	110	126
03.jpg	376	722	-0.0564907	0.113754	246	252	255
03.jpg	377	360	0.347396	-0.22286	173	185	197
03.jpg	378	960	0.291068	-0.103907	119	131	143
03.jpg	382	821	-0.0264916	0.0640375	60	67	82
03.jpg	384	986	0.360232	-0.128406	130	133	141
03.jpg	387	1074	-0.194362	0.255428	36	33	35
03.jpg	390	1020	0.462774	0.253421	159	172	180
03.jpg	392	885	-0.218536	0.161152	240	254	253
03.jpg	393	778	-0.378842	-0.216476	53	58	67
03.jpg	395	911	-0.480418	-0.00534559	178	201	216
03.jpg	396	464	-0.00910633	0.0929729	77	96	117
03.jpg	399	552	-0.265782	0.194793	36	38	48
03.jpg	404	490	-0.0116765	0.341303	40	46	53
03.jpg	406	725	0.0241607	0.075651	214	220	231
03.jpg	407	798	0.114043	0.16086	58	66	83
03.jpg	409	578	-0.392744	-0.34299	204	219	228
03.jpg	411	816	-0.437264	-0.174362	160	189	204
03.jpg	419	229	-0.0690612	0.268307	239	251	253
03.jpg	422	521	-0.21153	0.197958	237	251	255
03.jpg	423	902	-0.37512	-0.157973	83	96	110
03.jpg	424	1121	-0.381985	-0.243743	196	217	232
03.jpg	427	785	-0.101412	0.185579	57	62	65
03.jpg	428	346	-0.0345041	0.206	204	220	236
03.jpg	431	7	0.413172	-0.264348	188	199	213
03.jpg	438	980	-0.0486482	0.117727	131	143	155
03.jpg	440	406	-0.108601	0.353938	52	57	60
03.jpg	441	1006	0.0214682	0.225534	180	174	169
03.jpg	445	512	0.0161307	0.340494	45	51	58
03.jpg	448	1112	-0.288823	-0.10476	26	29	37
03.jpg	452	711	0.366754	0.349693	185	213	224
03.jpg	456	598	-0.105069	0.181506	230	248	255
03.jpg	459	836	-0.380164	-0.19143	165	175	185
03.jpg	462	280	-0.0689412	0.262051	237	251	255
03.jpg	464	880	0.37008	0.344073	40	54	66
03.jpg	465	233	0.380757	-0.232185	108	123	139
03.jpg	468	702	-0.042792	0.243529	42	55	63
03.jpg	469	771	-0.407739	-0.217133	50	53	67
03.jpg	471	1116	-0.329082	-0.0827775	191	217	234
03.jpg	475	746	-0.142327	0.138149	230	246	255
03.jpg	476	611	0.266647	0.185563	22	24	25
03.jpg	480	849	0.399608	0.320131	180	206	218
03.jpg	483	1010	0.339975	-0.260793	242	254	254
03.jpg	484	654	0.0432396	0.111641	92	113	135
03.jpg	486	671	-0.0607713	0.135495	81	102	124
03.jpg	487	309	0.132748	0.324358	119	131	141
03.jpg	490	909	-0.476614	0.0117956	170	190	207
03.jpg	497	488	-0.277733	-0.340017	69	78	92
03.jpg	498	715	-0.137575	0.353185	111	114	119
03.jpg	501	822	-0.0555333	0.155241	179	195	211
03.jpg	504	979	-0.0486482	0.117727	131	143	155
03.jpg	505	631	0.0619259	0.343895	147	166	179
03.jpg	506	840	-0.00375192	0.152083	203	219	235
03.jpg	509	866	-0.486217	-0.014205	41	51	68
03.jpg	510	662	-0.153539	0.248661	19	20	30
02.jpg	0	1513	-0.213918	-0.22159	27	30	38
02.jpg	1	1820	-0.343186	-0.114056	26	25	29
02.jpg	2	603	0.0577164	0.165155	34	41	50
02.jpg	3	573	0.142657	0.164686	43	46	50
02.jpg	4	1136	-0.439885	-0.0384925	27	30	38
02.jpg	5	1582	-0.315244	-0.146266	179	192	206
02.jpg	6	1469	-0.0584466	-0.0192472	118	126	139
02.jpg	7	1794	-0.337427	0.225286	83	92	105
02.jpg	8	1333	0.0467821	0.0324011	241	247	246
02.jpg	9	1695	0.0848139	0.0634326	36	42	47
02.jpg	11	656	-0.439215	-0.0332427	133	142	151
02.jpg	12	892	0.348478	0.34046	186	196	206
02.jpg	14	1069	0.335682	-0.20705	179	211	230
02.jpg	15	1771	-0.239993	0.132488	24	27	32
02.jpg	17	955	-0.462454	-0.187797	108	121	95
02.jpg	18	1145	0.301018	0.198712	65	81	87
02.jpg	19	483	0.407097	0.28005	41	37	49
02.jpg	20	1492	-0.228559	-0.167785	232	251	255
02.jpg	21	1726	-0.429396	-0.204229	36	40	35
02.jpg	22	1573	-0.215948	0.157996	232	247	255
02.jpg	23	305	0.263649	-0.354322	202	212	222
02.jpg	26	665	-0.492696	-0.205626	58	72	68
02.jpg	27	1312	-0.382084	-0.0212252	219	245	255
02.jpg	28	19	0.0526742	0.00242769	238	250	255
02.jpg	29	1780	0.286759	-0.127774	30	29	31
02.jpg	30	767	-0.00200231	-0.00261005	248	254	255
02.jpg	31	1074	-0.277193	0.020865	97	116	131
02.jpg	32	1641	-0.407243	0.081476	233	253	255
02.jpg	33	1024	-0.223843	0.0365458	192	200	217
02.jpg	34	1425	-0.30097	0.142359	160	176	193
02.jpg	35	1388	0.438512	-0.0259328	147	170	186
02.jpg	36	1750	-0.476843	0.0512145	113	127	115
02.jpg	37	1834	-0.419783	0.141839	42	40	46
02.jpg	38	1384	-0.208534	-0.034199	192	219	240
02.jpg	39	162	-0.188828	-0.331331	57	71	83
02.jpg	40	1808	-0.372729	0.0038724	215	243	254
02.jpg	41	397	0.300492	-0.184519	198	207	220
02.jpg	42	1570	-0.152947	0.0704727	83	86	91
02.jpg	43	1098	0.464177	-0.207643	202	222	233
02.jpg	45	849	-0.482033	-0.20211	93	104	96
02.jpg	46	1646	-0.358807	-0.00378247	225	249	255
02.jpg	47	584	-0.167011	-0.364414	66	77	91
02.jpg	48	1785	0.0986911	0.0327906	249	255	254
02.jpg	49	504	-0.25058	-0.335672	100	112	118
02.jpg	50	599	-0.107113	0.0748849	241	247	255
02.jpg	51	678	-0.263352	-0.288986	44	61	80
02.jpg	52	1397	-0.42875	0.1412	147	156	160
02.jpg	53	472	-0.455084	-0.167419	22	28	23
02.jpg	55	854	-0.28037	-0.19362	194	219	235
02.jpg	56	41	0.0528245	-0.00199318	232	244	255
02.jpg	57	1334	0.0467821	0.0324011	241	247	246
02.jpg	58	1506	-0.0809845	0.0877441	91	92	96
02.jpg	59	1817	-0.289285	-0.111448	189	220	241
02.jpg	60	1002	-0.0129087	0.0198314	189	208	223
02.jpg	61	94	-0.0677984	0.15311	97	116	131
02.jpg	62	1079	6.97634e-05	0.00692013	83	106	128
02.jpg	63	1718	0.0355711	0.0327309	247	254	255
02.jpg	64	1562	0.0727542	-0.0007813	151	161	178
02.jpg	65	1688	0.304965	-0.171433	202	226	238
02.jpg	66	1754	-0.0503453	0.154853	56	54	53
02.jpg	67	386	-0.0874812	0.084975	19	21	31
02.jpg	69	1655	0.325273	-0.262762	21	27	32
02.jpg	70	993	-0.190386	0.155451	182	193	201
02.jpg	71	1764	-0.04235	0.0414854	255	254	255
02.jpg	72	1413	-0.416812	0.213156	80	90	97
02.jpg	73	799	0.0483148	-0.0390085	220	228	241
02.jpg	74	729	-0.059824	0.165431	46	49	54
02.jpg	75	502	0.00888872	0.0382929	130	142	160
02.jpg	76	813	-0.220712	-0.177319	172	181	190
02.jpg	77	1738	0.464776	-0.0829209	213	232	240
02.jpg	78	1822	0.0263677	0.0733601	105	117	123
02.jpg	79	1599	0.007701	-0.0405491	223	238	247
02.jpg	80	1277	-0.464035	-0.0646223	96	109	123
02.jpg	81	1796	0.301698	-0.247305	187	206	219
02.jpg	82	1129	0.00478886	-0.0474942	238	248	255
02.jpg	83	896	-0.435834	0.0922546	58	74	91
02.jpg	84	1335	-0.461245	0.0475523	79	87	87
02.jpg	85	1697	0.469998	-0.0617659	17	16	20
02.jpg	86	296	-0.112002	0.0089645	102	121	142
02.jpg	87	193	-0.018852	0.112987	240	249	252
02.jpg	88	435	-0.0970208	0.0849784	14	13	23
02.jpg	89	1671	-0.244627	-0.0729571	197	220	236
02.jpg	90	625	-0.474206	-0.0900916	138	155	168
02.jpg	91	837	-0.257357	-0.148338	184	198	216
02.jpg	92	760	-0.0302737	0.0382831	148	160	170
02.jpg	93	1071	-0.48741	-0.202748	246	255	236
02.jpg	94	140	0.00917663	-0.0227626	75	88	110
02.jpg	95	1418	0.343933	-0.0412418	162	185	201
02.jpg	96	1608	-0.292765	-0.267244	44	48	59
02.jpg	97	1385	-0.467473	0.154729	210	228	235
02.jpg	98	1403	0.0492264	-0.0348665	179	192	206
02.jpg	99	1520	0.297408	-0.263456	104	113	123
02.jpg	100	1831	0.383923	-0.0535593	44	43	45
02.jpg	101	1359	-0.353828	-0.0217033	214	241	251
02.jpg	102	989	-0.262525	0.135117	128	130	138
02.jpg	103	554	-0.248749	-0.222968	230	240	250
02.jpg	104	459	0.481154	-0.32085	191	206	225
02.jpg	105	412	0.304747	-0.21924	61	70	84
02.jpg	106	1567	0.0490921	-0.0148283	108	122	140
02.jpg	107	1340	0.343065	-0.0635436	164	182	199
02.jpg	108	1702	-0.305165	-0.0622	16	13	15
02.jpg	111	689	-0.0762945	0.0014467	117	132	158
02.jpg	112	1230	-0.419753	-0.198775	28	29	25
02.jpg	113	308	-0.423026	-0.0718026	185	192	187
02.jpg	114	1259	0.341064	-0.182212	21	30	43
02.jpg	115	1643	0.0798644	0.0116607	74	85	105
02.jpg	116	1427	-0.45699	-0.00487711	61	72	70
02.jpg	117	743	0.231652	-0.369522	29	35	48
02.jpg	118	1617	-0.0690381	0.036954	255	255	254
02.jpg	119	1752	0.436571	0.0547961	240	255	255
02.jpg	120	1529	-0.120662	0.0178572	244	254	254
02.jpg	122	717	0.475168	0.118532	46	50	61
02.jpg	123	545	0.0438078	-0.0227749	91	105	124
02.jpg	124	1163	-0.437593	-0.1559	223	239	191
02.jpg	125	108	0.233954	-0.261802	215	232	245
02.jpg	126	1711	0.0967867	0.010725	244	255	255
02.jpg	127	1100	-0.287032	-0.145702	110	125	141
02.jpg	128	1640	0.0806882	0.159332	58	55	51
02.jpg	129	1239	-0.472743	-0.0952768	33	38	47
02.jpg	130	875	-0.21079	0.137582	41	53	65
02.jpg	131	1458	-0.257796	-0.0638003	67	70	84
02.jpg	132	1725	0.068426	0.142491	227	239	249
02.jpg	133	1648	-0.0244166	0.1593	50	47	43
02.jpg	134	233	0.324733	0.167449	221	237	244
02.jpg	135	315	-0.0641936	0.0894923	89	105	122
02.jpg	136	960	0.338158	0.00773965	202	229	249
02.jpg	137	1761	0.287101	0.137589	45	53	66
02.jpg	138	638	-0.291493	-0.186311	222	239	255
02.jpg	140	1033	-0.457234	-0.0195642	100	122	150
02.jpg	141	1615	0.0172592	-0.0840076	38	45	60
02.jpg	142	1168	-0.487989	-0.173532	226	255	242
02.jpg	143	1508	0.425105	-0.0119207	204	234	245
02.jpg	144	953	0.0688578	0.00625953	65	81	97
02.jpg	145	568	0.0653006	0.0376489	135	154	167
02.jpg	146	368	-0.0190123	0.0473907	238	247	255
02.jpg	147	1325	0.288	-0.151419	126	129	137
02.jpg	148	1793	0.324888	0.0937182	202	228	242
02.jpg	149	1716	-0.273579	0.134013	101	103	113
02.jpg	150	1669	-0.0702169	-0.00700785	242	252	252
02.jpg	151	1244	-0.459592	0.0322424	63	72	76
02.jpg	152	1555	-0.441873	-0.015447	21	30	40
02.jpg	154	1184	0.258783	-0.33295	159	173	185
02.jpg	155	1402	-0.240792	-0.237214	111	126	142
02.jpg	156	1218	-0.361466	-0.0568743	123	126	130
02.jpg	157	1018	-0.21249	0.167304	83	99	112
02.jpg	158	402	0.00831983	0.00669417	88	110	135
02.jpg	159	1404	-0.350385	-0.0838428	226	238	248
02.jpg	160	719	-0.340424	-0.0468806	107	117	127
02.jpg	162	1038	-0.435212	-0.0635745	25	37	61
02.jpg	163	1231	0.261397	0.0649133	152	161	171
02.jpg	164	1517	0.298508	0.163532	239	246	249
02.jpg	165	1824	0.0259868	0.137383	101	110	113
02.jpg	167	705	-0.424249	-0.194284	237	255	235
02.jpg	168	1441	0.281523	-0.241476	55	68	82
02.jpg	169	1491	-0.277752	0.0133192	224	248	254
02.jpg	170	1798	0.456081	-0.0473676	10	12	20
02.jpg	171	240	0.0593999	0.0483891	139	148	162
02.jpg	172	551	-0.00665897	-0.0262702	205	225	236
02.jpg	173	1114	-0.28993	-0.201527	175	200	216
02.jpg	175	1253	0.394851	0.23579	236	238	248
02.jpg	176	1589	-0.222014	-0.248454	228	248	253
02.jpg	177	1337	-0.490211	-0.139284	36	40	35
02.jpg	178	1088	-0.46517	0.0860176	114	132	139
02.jpg	179	298	-0.101865	0.0849264	29	28	38
02.jpg	180	660	-0.441171	-0.00769411	123	135	145
02.jpg	181	1000	-0.419348	-0.0681319	187	197	191
02.jpg	182	1311	-0.382084	-0.0212252	219	245	255
02.jpg	183	1073	-0.277193	0.020865	97	116	131
02.jpg	184	571	0.218621	0.12121	225	228	232
02.jpg	185	1610	-0.247832	-0.0499469	185	203	220
02.jpg	186	820	-0.290837	-0.193467	191	211	229
02.jpg	187	1749	0.0654521	0.0433397	183	193	210
02.jpg	188	959	-0.421275	0.220225	213	229	242
02.jpg	189	1156	-0.220549	-0.230424	236	249	255
02.jpg	190	1486	0.285621	-0.218189	146	160	172
02.jpg	191	1807	-0.163403	-0.0930422	20	22	30
02.jpg	192	1611	-0.29231	-0.0471813	26	36	54
02.jpg	193	1342	0.308248	0.0996923	174	188	200
02.jpg	194	1232	0.483707	-0.067596	15	18	23
02.jpg	195	1009	-0.41859	-0.017952	146	162	178
02.jpg	196	1678	0.312784	0.188787	211	220	224
02.jpg	198	643	-0.253417	-0.243322	66	76	93
02.jpg	199	983	-0.195222	0.166962	111	128	141
02.jpg	200	1290	-0.225117	-0.236344	114	127	143
02.jpg	201	1619	-0.467015	-0.0770003	25	27	37
02.jpg	202	1052	-0.21759	-0.0592484	177	193	209
02.jpg	203	426	-0.273111	-0.282056	49	60	74
02.jpg	204	1026	-0.44031	-0.249902	209	231	182
02.jpg	205	803	-0.445512	-0.243004	71	78	65
02.jpg	206	1728	-0.352936	0.0721255	48	55	70
02.jpg	207	1116	-0.180055	-0.137322	46	51	60
02.jpg	208	1505	-0.290854	-0.300513	59	57	69
02.jpg	209	490	0.0547517	0.0382069	136	150	168
02.jpg	210	903	-0.229858	-0.200229	161	170	183
02.jpg	211	90	0.0566735	-0.0163892	94	108	120
02.jpg	212	1557	0.263435	0.122741	170	179	188
02.jpg	213	1267	-0.0185714	0.0353775	255	253	253
02.jpg	215	912	-0.285824	0.0256009	226	252	255
02.jpg	217	357	-0.231518	0.16479	224	236	248
02.jpg	218	1515	0.00932987	0.0703141	178	175	171
02.jpg	219	809	0.255048	0.165665	58	77	90
02.jpg	220	853	-0.28037	-0.19362	194	219	235
02.jpg	221	1650	-0.261487	0.11525	182	205	221
02.jpg	222	134	0.157405	0.150074	30	28	27
02.jpg	223	1019	-0.21249	0.167304	83	99	112
02.jpg	224	165	0.130684	0.0835225	11	17	30
02.jpg	225	750	-0.46864	-0.201413	31	42	34
02.jpg	226	1061	-0.432723	-0.0395961	24	26	37
02.jpg	227	1624	-0.24266	-0.136028	215	238	254
02.jpg	228	274	-0.222197	-0.348964	177	191	173
02.jpg	229	962	-0.425486	-0.190017	30	43	29
02.jpg	230	1196	0.437249	0.158738	194	221	235
02.jpg	231	1408	-0.302545	-0.0791072	39	44	59
02.jpg	232	1035	-0.337647	-0.0785907	120	126	131
02.jpg	233	1170	-0.456232	-0.191158	31	29	29
02.jpg	234	1383	-0.208534	-0.034199	192	219	240
02.jpg	235	947	-0.447717	-0.167066	58	67	54
02.jpg	236	852	-0.0776105	0.00521754	226	238	244
02.jpg	237	396	0.0267093	-0.0518908	187	195	208
02.jpg	238	1137	-0.358124	-0.0676791	170	191	206
02.jpg	239	782	-0.46242	0.121503	30	39	52
02.jpg	241	1111	-0.0606598	0.0259977	100	114	136
02.jpg	242	111	0.0384303	-0.0273648	237	245	255
02.jpg	243	997	-0.278761	-0.0064364	160	169	183
02.jpg	244	1666	-0.20491	-0.321819	45	57	69
02.jpg	245	1443	-0.262268	-0.13368	191	217	234
02.jpg	246	1066	-0.0628795	0.0311319	248	255	255
02.jpg	247	593	0.0433916	-0.0564052	29	33	44
02.jpg	248	1768	-0.449808	0.0637096	181	207	221
02.jpg	249	594	-0.494513	-0.0855718	25	34	47
02.jpg	250	513	0.25271	0.168966	202	225	240
02.jpg	251	935	0.296605	-0.223943	20	22	32
02.jpg	252	733	-0.00981653	0.00600844	97	116	143
02.jpg	253	506	-0.0870438	0.07478	232	250	255
02.jpg	254	817	-0.120505	0.0419194	118	128	146
02.jpg	255	1742	-0.433719	-0.0123993	53	62	71
02.jpg	256	5	0.47514	-0.211401	94	111	124
02.jpg	257	1826	-0.286719	0.089691	206	231	247
02.jpg	258	1003	-0.0129087	0.0198314	189	208	223
02.jpg	259	1593	0.0156459	-0.0520189	29	33	44
02.jpg	260	480	0.060441	-0.0261634	191	211	229
02.jpg	261	1354	-0.466858	-0.160448	36	42	37
02.jpg	262	1153	-0.251105	-0.204753	21	27	40
02.jpg	263	1588	-0.454488	-0.191599	42	43	41
02.jpg	264	1574	-0.215948	0.157996	232	247	255
02.jpg	265	900	-0.448742	-0.203648	239	251	229
02.jpg	266	1701	-0.0417955	0.0196673	255	255	255
02.jpg	267	1348	-0.180049	-0.351084	75	88	102
02.jpg	268	957	-0.317472	0.188156	202	211	215
02.jpg	269	1675	-0.259616	-0.256904	23	26	34
02.jpg	270	1448	0.428735	0.140789	136	166	185
02.jpg	271	413	0.304747	-0.21924	61	70	84
02.jpg	272	976	-0.191003	-0.142961	218	234	250
02.jpg	273	1210	-0.467828	-0.203964	77	90	74
02.jpg	274	1422	-0.028566	-0.015597	148	153	168
02.jpg	276	822	-0.265437	-0.101836	104	119	138
02.jpg	277	1751	-0.00944873	0.0408336	232	236	241
02.jpg	279	1524	0.322218	0.183771	239	242	246
02.jpg	280	1835	-0.0553298	0.00680517	210	227	240
02.jpg	281	1363	-0.20736	0.172203	227	245	255
02.jpg	282	1498	-0.360314	0.0221917	218	245	255
02.jpg	283	1809	-0.372729	0.0038724	215	243	254
02.jpg	284	434	0.210489	0.16813	213	237	249
02.jpg	285	1595	0.136494	0.160687	35	34	36
02.jpg	286	697	0.163017	0.164484	53	54	58
02.jpg	287	1260	0.42162	-0.0263422	145	171	188
02.jpg	288	872	0.427632	0.0472531	210	232	244
02.jpg	289	1680	-0.0693297	0.141923	228	247	255
02.jpg	290	1176	0.399387	-0.321088	119	125	132
02.jpg	291	645	-0.246746	0.198305	23	17	124
02.jpg	292	1647	-0.425351	-0.280095	224	240	253
02.jpg	293	1782	-0.383138	-0.0460279	89	90	100
02.jpg	294	640	-0.00822338	-0.0108669	104	121	147
02.jpg	296	1558	-0.0830155	0.017156	249	254	252
02.jpg	297	1507	-0.0273049	0.0352285	156	160	178
02.jpg	298	1814	-0.38827	0.0814658	199	225	241
02.jpg	299	695	0.0918336	0.164804	58	56	56
02.jpg	300	567	0.0653006	0.0376489	135	154	167
02.jpg	301	779	-0.284111	0.016445	213	233	251
02.jpg	302	914	-0.484753	-0.0699162	38	52	64
02.jpg	303	1104	0.316408	-0.235268	233	249	255
02.jpg	304	1134	0.338445	0.00124817	54	75	96
02.jpg	306	1689	0.431615	0.150109	164	191	205
02.jpg	307	908	-0.199755	0.162397	228	245	254
02.jpg	308	1462	-0.384793	-0.00735876	214	242	253
02.jpg	309	650	-0.470352	-0.0680466	154	168	180
02.jpg	310	1217	-0.223165	0.136577	29	33	44
02.jpg	311	1063	-0.476025	-0.01945	91	109	132
02.jpg	312	1626	0.366031	0.150793	16	13	15
02.jpg	313	549	-0.295212	-0.0648474	52	65	81
02.jpg	314	726	0.491157	-0.169882	29	40	48
02.jpg	315	529	0.0726496	-0.00276585	241	253	255
02.jpg	316	1823	0.0849694	0.0989449	160	171	185
02.jpg	317	784	0.359205	0.16682	214	229	238
02.jpg	318	1351	-0.126809	0.0520472	133	144	158
02.jpg	319	1720	-0.281552	-0.0296402	203	226	241
02.jpg	320	1248	-0.325413	0.221103	186	204	215
02.jpg	321	1559	-0.444379	-0.111568	47	42	43
02.jpg	323	1661	-0.026329	0.0124918	67	81	103
02.jpg	324	432	-0.419755	-0.300293	89	98	111
02.jpg	325	999	-0.49083	-0.23766	244	255	235
02.jpg	326	1668	0.339157	-0.0641981	160	180	197
02.jpg	327	622	-0.258001	-0.220284	50	53	61
02.jpg	328	100	0.105371	0.0721896	235	247	251
02.jpg	329	1207	0.287008	-0.235134	233	252	255
02.jpg	330	1226	-0.229767	-0.185	62	68	81
02.jpg	331	1419	0.44909	-0.183705	149	159	169
02.jpg	332	197	-0.219529	-0.199647	182	190	203
02.jpg	333	1609	-0.247832	-0.0499469	185	203	220
02.jpg	334	819	-0.0155535	0.0505193	71	79	92
02.jpg	335	1181	-0.278769	0.131163	18	20	31
02.jpg	336	1744	0.365081	0.192825	208	235	249
02.jpg	337	1521	-0.254309	-0.13885	57	59	70
02.jpg	338	1828	0.153085	0.135329	40	35	36
02.jpg	339	142	-0.0375626	0.0565855	237	247	254
02.jpg	341	1144	0.301018	0.198712	65	81	87
02.jpg	342	793	0.0761855	0.0361069	153	160	175
02.jpg	343	1590	-0.269088	0.150278	208	227	235
02.jpg	344	1330	0.24172	0.163747	32	40	47
02.jpg	346	1257	0.070165	0.034586	250	253	251
02.jpg	347	1564	0.356014	0.162734	232	246	252
02.jpg	348	1086	-0.300444	-0.0781591	44	51	70
02.jpg	349	1709	-0.043403	-0.0365733	250	255	254
02.jpg	350	548	-0.00546486	0.150005	32	46	58
02.jpg	351	153	0.000206298	0.00266722	226	248	255
02.jpg	352	776	-0.10747	0.205826	97	125	142
02.jpg	353	1779	-0.259337	-0.185786	44	46	54
02.jpg	354	1090	-0.00396139	0.110104	46	59	67
02.jpg	355	1424	-0.30097	0.142359	160	176	193
02.jpg	357	1186	0.460582	0.0190418	187	213	229
02.jpg	358	858	-0.484326	-0.140963	227	248	233
02.jpg	359	1365	-0.45361	-0.0140372	228	253	255
02.jpg	360	1409	-0.184589	0.165359	94	105	113
02.jpg	361	735	-0.473829	-0.140049	23	34	32
02.jpg	363	772	-0.462084	-0.231734	90	105	97
02.jpg	365	534	0.037336	0.00674448	85	108	134
02.jpg	366	673	-0.220365	0.187668	217	236	244
02.jpg	367	446	-0.0252086	0.069284	88	93	108
02.jpg	368	847	-0.450037	-0.0474204	110	129	142
02.jpg	369	848	-0.450037	-0.0474204	110	129	142
02.jpg	370	1649	0.4608	-0.289276	227	245	255
02.jpg	371	1222	-0.0736794	0.00990275	153	171	200
02.jpg	372	1433	-0.096601	0.0515774	195	205	222
02.jpg	373	961	-0.476354	-0.203487	232	255	241
02.jpg	374	1195	0.437249	0.158738	194	221	235
02.jpg	375	1758	0.345633	0.153528	223	242	249
02.jpg	376	794	-0.013215	-0.0103841	248	255	255
02.jpg	377	404	0.287336	-0.221244	176	187	201
02.jpg	378	1339	0.246593	-0.146171	103	114	128
02.jpg	379	1509	-0.450383	-0.20643	247	249	229
02.jpg	380	1816	-0.334515	0.0450575	79	85	96
02.jpg	381	569	-0.243109	-0.222776	227	241	253
02.jpg	382	939	0.00984814	-0.0490436	51	60	74
02.jpg	383	1271	-0.487768	-0.0924825	139	152	160
02.jpg	384	1326	0.288	-0.151419	126	129	137
02.jpg	385	916	-0.208664	-0.201778	169	175	186
02.jpg	386	1483	-0.46507	-0.12604	246	255	248
02.jpg	387	1598	-0.115026	0.0891899	29	30	34
02.jpg	388	219	-0.154156	0.0597729	53	63	73
02.jpg	389	1245	-0.30869	0.137963	32	40	53
02.jpg	390	1463	0.312786	0.115257	167	184	193
02.jpg	391	1691	-0.0329209	0.0641675	113	122	131
02.jpg	392	1141	-0.132352	0.0212684	242	254	255
02.jpg	393	857	-0.230218	-0.219001	41	45	56
02.jpg	394	1303	0.335561	-0.049246	59	69	86
02.jpg	395	1273	-0.295292	-0.0721277	189	209	226
02.jpg	396	297	0.0228578	-0.0260293	87	106	127
02.jpg	397	744	-0.451186	-0.27917	169	181	191
02.jpg	398	1628	0.0646331	0.0680465	232	246	252
02.jpg	399	1349	0.417706	-0.00610847	26	33	42
02.jpg	400	966	-0.0629223	0.0447972	247	251	255
02.jpg	401	1405	0.474679	-0.329422	161	184	199
02.jpg	402	1200	-0.175339	-0.0366767	171	180	193
02.jpg	403	1767	-0.191654	0.140429	83	82	92
02.jpg	404	301	0.0159484	0.149874	28	35	44
02.jpg	405	1412	-0.485265	-0.250082	248	255	234
02.jpg	406	800	0.0483148	-0.0390085	220	228	241
02.jpg	407	832	0.11253	0.0242529	48	59	73
02.jpg	408	728	-0.49331	-0.199482	42	55	41
02.jpg	410	1741	0.433023	-0.005858	209	236	250
02.jpg	412	786	-0.439776	-0.209604	225	255	247
02.jpg	413	1353	0.402124	-0.291086	109	112	120
02.jpg	414	1587	-0.454488	-0.191599	42	43	41
02.jpg	415	655	-0.433527	-0.189872	123	139	122
02.jpg	416	1722	-0.423589	0.235109	53	58	67
02.jpg	417	1696	-0.158239	0.159573	71	72	76
02.jpg	418	1089	-0.46517	0.0860176	114	132	139
02.jpg	419	180	-0.0182094	0.0711619	243	250	253
02.jpg	420	661	-0.390765	-0.350341	26	37	45
02.jpg	421	1224	0.272819	0.174951	34	40	51
02.jpg	422	479	-0.125986	0.0491316	235	244	253
02.jpg	423	1130	-0.224852	-0.174025	90	99	113
02.jpg	424	1790	-0.234865	-0.24161	192	213	228
02.jpg	425	1070	-0.48741	-0.202748	246	255	236
02.jpg	426	1282	0.467556	-0.327007	86	99	107
02.jpg	427	667	-0.0495871	0.0592515	95	101	112
02.jpg	428	143	0.00171073	0.0562151	197	205	218
02.jpg	429	821	-0.290837	-0.193467	191	211	229
02.jpg	430	1183	-0.466668	-0.0822311	7	16	29
02.jpg	431	12	0.348097	-0.267487	160	170	180
02.jpg	432	1523	-0.449913	-0.125551	248	255	230
02.jpg	433	1830	-0.341566	0.145644	39	38	42
02.jpg	434	1146	-0.467939	-0.153677	26	34	27
02.jpg	435	484	-0.414663	-0.0270177	131	137	150
02.jpg	436	1358	-0.353828	-0.0217033	214	241	251
02.jpg	437	1157	-0.220549	-0.230424	236	249	255
02.jpg	438	1434	-0.00692091	-0.00787163	136	145	159
02.jpg	439	930	-0.198753	-0.335633	197	206	216
02.jpg	440	204	-0.0546429	0.165774	82	83	87
02.jpg	442	1343	-0.486439	-0.146026	186	220	209
02.jpg	443	1705	-0.240917	-0.0951977	201	218	231
02.jpg	444	118	-0.106676	0.0532779	229	242	250
02.jpg	446	1317	-0.348961	-0.00143339	81	94	108
02.jpg	447	1452	-0.49123	-0.013217	232	252	253
02.jpg	448	1737	-0.172265	-0.152396	56	56	68
02.jpg	449	1642	-0.383176	-0.00408465	211	241	252
02.jpg	450	417	0.020265	0.0384427	114	128	147
02.jpg	451	1291	-0.225117	-0.236344	114	127	143
02.jpg	452	514	0.25271	0.168966	202	225	240
02.jpg	453	391	-0.104054	0.0515063	50	56	67
02.jpg	454	1755	0.308709	0.155758	212	234	240
02.jpg	455	1027	-0.44031	-0.249902	209	231	182
02.jpg	456	266	-0.0520036	0.0566321	230	242	252
02.jpg	457	1729	-0.23683	-0.164576	222	240	251
02.jpg	458	116	-0.027668	0.108583	238	245	254
02.jpg	459	904	-0.229858	-0.200229	161	170	183
02.jpg	460	913	-0.285824	0.0256009	226	252	255
02.jpg	461	1710	-0.281648	0.0346174	210	239	248
02.jpg	462	139	-0.018673	0.108139	250	255	255
02.jpg	463	1238	-0.422411	-0.216715	28	32	26
02.jpg	464	808	0.255048	0.165665	58	77	90
02.jpg	466	649	-0.442093	-0.212724	99	127	98
02.jpg	467	1786	0.415725	0.0778009	41	46	55
02.jpg	468	324	-0.00501654	0.0823814	60	68	85
02.jpg	470	751	-0.46864	-0.201413	31	42	34
02.jpg	471	1760	-0.19608	-0.130765	200	220	237
02.jpg	472	725	-0.184778	-0.150395	170	176	189
02.jpg	473	1734	0.0153899	0.05402	22	23	27
02.jpg	474	1818	-0.0291479	0.105771	197	208	216
02.jpg	475	851	-0.0776105	0.00521754	226	238	244
02.jpg	476	370	0.205553	0.0611512	20	23	28
02.jpg	477	918	-0.0962365	0.00850574	112	127	146
02.jpg	478	1485	-0.468131	-0.212973	255	255	255
02.jpg	479	1792	0.324888	0.0937182	202	228	242
02.jpg	480	470	0.275682	0.150901	167	183	195
02.jpg	481	1247	-0.466649	-0.192766	13	16	14
02.jpg	482	1554	-0.195113	-0.334093	184	203	218
02.jpg	483	1560	0.287003	-0.253917	241	251	251
02.jpg	484	519	0.0617266	-0.0116803	104	118	136
02.jpg	485	1466	-0.197969	-0.358942	38	47	61
02.jpg	486	383	-0.0171353	0.00570252	90	108	131
02.jpg	488	431	-0.419755	-0.300293	89	98	111
02.jpg	489	1305	-0.438325	-0.0453112	115	134	149
02.jpg	490	1233	-0.291436	-0.0592309	183	205	223
02.jpg	491	833	0.335536	-0.198921	186	216	233
02.jpg	492	1067	-0.462993	0.0156809	185	207	212
02.jpg	493	867	-0.481774	0.0569115	144	164	151
02.jpg	494	968	0.482174	-0.0534955	105	121	133
02.jpg	495	1407	-0.474347	-0.166257	145	170	172
02.jpg	496	1769	-0.449808	0.0637096	181	207	221
02.jpg	497	474	-0.173994	-0.346997	77	91	103
02.jpg	498	332	0.159802	0.0838545	9	8	10
02.jpg	499	814	-0.101078	0.216093	129	158	173
02.jpg	500	1743	0.365081	0.192825	208	235	249
02.jpg	501	1004	-0.0129087	0.0198314	189	208	223
02.jpg	502	704	-0.424249	-0.194284	237	255	235
02.jpg	503	481	0.060441	-0.0261634	191	211	229
02.jpg	504	1435	-0.00692091	-0.00787163	136	145	159
02.jpg	505	1490	-0.400062	-0.291638	57	74	87
02.jpg	506	1076	0.0254778	0.0179771	219	233	251
02.jpg	507	1252	0.490532	-0.073975	199	213	189
02.jpg	508	1336	-0.490211	-0.139284	36	40	35
02.jpg	509	1087	-0.300444	-0.0781591	44	51	70
02.jpg	510	381	-0.0825144	0.0849163	15	16	26
02.jpg	511	1537	-0.412517	-0.0477037	36	43	52
02.jpg	512	436	0.170206	0.204721	97	122	142
02.jpg	513	1310	-0.277045	0.0054469	76	93	112
02.jpg	514	626	-0.474206	-0.0900916	138	155	168
02.jpg	515	838	-0.436858	-0.219875	72	86	68
02.jpg	516	1072	-0.48741	-0.202748	246	255	236
02.jpg	517	410	0.0258206	0.0254777	95	108	124
02.jpg	518	977	-0.486666	0.0577135	46	55	52
02.jpg	519	823	0.431414	0.0894259	174	199	215
02.jpg	520	1386	-0.48301	-0.239751	38	41	39
02.jpg	522	958	-0.421275	0.220225	213	229	242
02.jpg	523	1832	0.387766	0.129865	12	9	11
02.jpg	524	920	-0.0962365	0.00850574	112	127	146
02.jpg	525	713	0.132736	0.164456	38	41	49
02.jpg	526	1594	0.465196	-0.224293	215	237	248
02.jpg	527	1806	0.243719	0.184577	208	237	251
02.jpg	528	985	0.0216626	-0.043369	71	76	91
02.jpg	529	460	-0.461825	-0.149114	30	41	25
02.jpg	530	579	-0.266258	-0.291832	219	235	251
02.jpg	531	1261	0.0211132	-0.0623942	36	38	48
02.jpg	533	1473	-0.355564	-0.00722715	224	251	255
02.jpg	534	306	-0.0166961	0.110374	111	120	133
02.jpg	535	314	0.238811	-0.335874	32	40	47
02.jpg	536	445	-0.420747	-0.186541	171	188	155
02.jpg	537	1681	-0.291141	-0.0114956	31	37	50
02.jpg	538	157	-0.280295	-0.0025069	37	50	66
02.jpg	539	1644	-0.36734	0.059427	212	236	248
02.jpg	540	1428	0.281534	-0.22806	68	70	80
02.jpg	541	222	0.00441495	0.00384512	232	251	255
02.jpg	542	828	-0.492653	-0.160038	186	209	195
02.jpg	543	745	-0.0611582	0.0218776	243	251	255
02.jpg	544	1542	0.00296379	-0.0141226	122	131	145
02.jpg	545	802	0.306106	0.114629	61	66	75
02.jpg	546	1357	-0.00291828	0.0850685	77	84	93
02.jpg	547	844	-0.213979	0.134109	190	210	228
02.jpg	548	92	-0.0269184	0.00319144	203	220	241
02.jpg	549	915	0.403175	0.277969	227	232	253
02.jpg	550	1478	-0.204623	-0.342713	51	52	62
02.jpg	551	1712	0.0967867	0.010725	244	255	255
02.jpg	552	103	-0.21189	-0.133755	187	200	214
02.jpg	553	1240	0.488743	-0.089851	198	220	232
02.jpg	554	1017	-0.444097	-0.116489	49	49	43
02.jpg	555	1140	-0.132352	0.0212684	242	254	255
02.jpg	556	289	-0.448826	-0.240783	226	242	219
02.jpg	557	559	-0.164398	0.239402	76	65	68
02.jpg	558	753	0.468371	-0.367005	184	204	221
02.jpg	559	1060	-0.415251	-0.0714686	57	64	73
02.jpg	560	1400	-0.273871	-0.0448679	63	75	93
02.jpg	561	500	-0.468935	0.013866	61	72	62
